[{"model": "api.employeecategory", "pk": 1, "fields": {"name": "Electrician", "slug": "electrician", "icon": "Employee Category/Electrician/electric_1_SjmnwgB.svg"}}, {"model": "api.employeecategory", "pk": 2, "fields": {"name": "Carpenter", "slug": "carpenter", "icon": "Employee Category/Carpenter/wood_1_kH0Zi86.svg"}}, {"model": "api.employeecategory", "pk": 3, "fields": {"name": "Cleaner", "slug": "cleaner", "icon": "Employee Category/default.svg"}}, {"model": "api.employeecategory", "pk": 4, "fields": {"name": "Painter", "slug": "painter", "icon": "Employee Category/Painter/paint-roller_S2ajg7o.svg"}}, {"model": "api.employeecategory", "pk": 5, "fields": {"name": "Plumber", "slug": "plumber", "icon": "Employee Category/Plumber/leak_l0J9fmk.svg"}}, {"model": "api.employeecategory", "pk": 6, "fields": {"name": "Pest-Control", "slug": "pest-control", "icon": "Employee Category/default.svg"}}, {"model": "api.employeecategory", "pk": 7, "fields": {"name": "AC Service & Repair", "slug": "ac-service-repair", "icon": "Employee Category/AC Service & Repair/repair.svg"}}, {"model": "api.employeecategory", "pk": 8, "fields": {"name": "Appliance Repair", "slug": "appliance-repair", "icon": "Employee Category/Appliance Repair/repair_6eDw3TE.svg"}}, {"model": "api.servicesubcategory", "pk": 4, "fields": {"name": "QuickBook Electrician", "icon": "Service SubCategory Images/default.jpg", "created": null, "service_specialist": 1}}, {"model": "api.servicesubcategory", "pk": 6, "fields": {"name": "Switch/Socket", "icon": "Service SubCategory Images/default.jpg", "created": null, "service_specialist": 1}}, {"model": "api.servicesubcategory", "pk": 7, "fields": {"name": "Fan", "icon": "Service SubCategory Images/default.jpg", "created": null, "service_specialist": 1}}, {"model": "api.servicesubcategory", "pk": 8, "fields": {"name": "Light", "icon": "Service SubCategory Images/default.jpg", "created": null, "service_specialist": 1}}, {"model": "api.servicesubcategory", "pk": 9, "fields": {"name": "Chandelier", "icon": "Service SubCategory Images/default.jpg", "created": null, "service_specialist": 1}}, {"model": "api.servicesubcategory", "pk": 10, "fields": {"name": "MCB/Fuse", "icon": "Service SubCategory Images/default.jpg", "created": null, "service_specialist": 1}}, {"model": "api.servicesubcategory", "pk": 11, "fields": {"name": "Inverter/Stabilizer", "icon": "Service SubCategory Images/default.jpg", "created": null, "service_specialist": 1}}, {"model": "api.servicesubcategory", "pk": 12, "fields": {"name": "Appliances", "icon": "Service SubCategory Images/default.jpg", "created": null, "service_specialist": 1}}, {"model": "api.servicesubcategory", "pk": 13, "fields": {"name": "Wiring", "icon": "Service SubCategory Images/default.jpg", "created": null, "service_specialist": 1}}, {"model": "api.servicesubcategory", "pk": 14, "fields": {"name": "Door Bell", "icon": "Service SubCategory Images/default.jpg", "created": null, "service_specialist": 1}}, {"model": "api.servicesubcategory", "pk": 15, "fields": {"name": "Drill/Hang", "icon": "Service SubCategory Images/default.jpg", "created": null, "service_specialist": 1}}, {"model": "api.servicesubcategory", "pk": 16, "fields": {"name": "Room Heater", "icon": "Service SubCategory Images/default.jpg", "created": null, "service_specialist": 1}}, {"model": "api.servicesubcategory", "pk": 18, "fields": {"name": "QuickBook Cleaner", "icon": "Service SubCategory Images/default.jpg", "created": null, "service_specialist": 3}}, {"model": "api.servicesubcategory", "pk": 19, "fields": {"name": "Quickbook Plumber", "icon": "Service SubCategory Images/default.jpg", "created": null, "service_specialist": 5}}, {"model": "api.servicesubcategory", "pk": 20, "fields": {"name": "Basin/sink", "icon": "Service SubCategory Images/default.jpg", "created": null, "service_specialist": 5}}, {"model": "api.servicesubcategory", "pk": 21, "fields": {"name": "Bath Fitting", "icon": "Service SubCategory Images/default.jpg", "created": null, "service_specialist": 5}}, {"model": "api.servicesubcategory", "pk": 22, "fields": {"name": "Blockage", "icon": "Service SubCategory Images/default.jpg", "created": null, "service_specialist": 5}}, {"model": "api.servicesubcategory", "pk": 23, "fields": {"name": "Tap/Mixer", "icon": "Service SubCategory Images/default.jpg", "created": null, "service_specialist": 5}}, {"model": "api.servicesubcategory", "pk": 24, "fields": {"name": "Motor", "icon": "Service SubCategory Images/default.jpg", "created": null, "service_specialist": 5}}, {"model": "api.servicesubcategory", "pk": 25, "fields": {"name": "Water Tank", "icon": "Service SubCategory Images/default.jpg", "created": null, "service_specialist": 5}}, {"model": "api.servicesubcategory", "pk": 26, "fields": {"name": "Toilet", "icon": "Service SubCategory Images/default.jpg", "created": null, "service_specialist": 5}}, {"model": "api.servicesubcategory", "pk": 27, "fields": {"name": "Minor Installation", "icon": "Service SubCategory Images/default.jpg", "created": null, "service_specialist": 5}}, {"model": "api.servicesubcategory", "pk": 28, "fields": {"name": "QuickBook Carpenter", "icon": "Service SubCategory Images/default.jpg", "created": null, "service_specialist": 2}}, {"model": "api.servicesubcategory", "pk": 29, "fields": {"name": "Balcony", "icon": "Service SubCategory Images/default.jpg", "created": null, "service_specialist": 2}}, {"model": "api.servicesubcategory", "pk": 30, "fields": {"name": "Bed", "icon": "Service SubCategory Images/default.jpg", "created": null, "service_specialist": 2}}, {"model": "api.servicesubcategory", "pk": 31, "fields": {"name": "Cupboard/Drawer", "icon": "Service SubCategory Images/default.jpg", "created": null, "service_specialist": 2}}, {"model": "api.servicesubcategory", "pk": 32, "fields": {"name": "Door", "icon": "Service SubCategory Images/default.jpg", "created": null, "service_specialist": 2}}, {"model": "api.servicesubcategory", "pk": 33, "fields": {"name": "Drill/Hang", "icon": "Service SubCategory Images/default.jpg", "created": null, "service_specialist": 2}}, {"model": "api.servicesubcategory", "pk": 34, "fields": {"name": "Window/Curtain", "icon": "Service SubCategory Images/default.jpg", "created": null, "service_specialist": 2}}, {"model": "api.servicesubcategory", "pk": 35, "fields": {"name": "Furniture Repair", "icon": "Service SubCategory Images/default.jpg", "created": null, "service_specialist": 2}}, {"model": "api.servicesubcategory", "pk": 36, "fields": {"name": "Furniture Assembly", "icon": "Service SubCategory Images/default.jpg", "created": null, "service_specialist": 2}}, {"model": "api.servicesubcategory", "pk": 37, "fields": {"name": "Basic Cleaning", "icon": "Service SubCategory Images/default.jpg", "created": null, "service_specialist": 3}}, {"model": "api.servicesubcategory", "pk": 40, "fields": {"name": "Deep Cleaning", "icon": "Service SubCategory Images/default.jpg", "created": null, "service_specialist": 3}}, {"model": "api.servicesubcategory", "pk": 41, "fields": {"name": "Sofa Shampooing", "icon": "Service SubCategory Images/default.jpg", "created": null, "service_specialist": 3}}, {"model": "api.service", "pk": 1, "fields": {"name": "Residential Basic Cleaning", "icon": "Service Images/default-service.jpg", "subcategory": 37, "description": "", "price": "3000.00", "created": null, "active": true}}, {"model": "api.service", "pk": 2, "fields": {"name": "Residential Deep Cleaning", "icon": "Service Images/default-service.jpg", "subcategory": 40, "description": "", "price": "4500.00", "created": null, "active": true}}, {"model": "api.service", "pk": 3, "fields": {"name": "Office Deep Cleaning", "icon": "Service Images/default-service.jpg", "subcategory": 40, "description": "", "price": "5000.00", "created": null, "active": true}}, {"model": "api.service", "pk": 4, "fields": {"name": "Office Basic Cleaning", "icon": "Service Images/default-service.jpg", "subcategory": 37, "description": "", "price": "3500.00", "created": null, "active": true}}, {"model": "api.service", "pk": 5, "fields": {"name": "Sofa Cleaning Services", "icon": "Service Images/default-service.jpg", "subcategory": 41, "description": "", "price": "200.00", "created": null, "active": true}}, {"model": "api.service", "pk": 6, "fields": {"name": "Swift Survey", "icon": "Service Images/default-service.jpg", "subcategory": 4, "description": "", "price": "50.00", "created": null, "active": true}}, {"model": "api.service", "pk": 7, "fields": {"name": "AC Switchbox Installation", "icon": "Service Images/default-service.jpg", "subcategory": 6, "description": "", "price": "319.00", "created": null, "active": true}}, {"model": "api.service", "pk": 8, "fields": {"name": "Switchboard Installation (Upto 6 Switches)", "icon": "Service Images/default-service.jpg", "subcategory": 6, "description": "", "price": "249.00", "created": null, "active": true}}, {"model": "api.service", "pk": 9, "fields": {"name": "Switch board Repair (Upto 6 Switches)", "icon": "Service Images/default-service.jpg", "subcategory": 6, "description": null, "price": "99.00", "created": null, "active": true}}, {"model": "api.service", "pk": 10, "fields": {"name": "Switch & Socket Replacement", "icon": "Service Images/default-service.jpg", "subcategory": 6, "description": null, "price": "69.00", "created": null, "active": true}}, {"model": "api.service", "pk": 11, "fields": {"name": "Ceiling Fan Regulator Replacement", "icon": "Service Images/default-service.jpg", "subcategory": 7, "description": null, "price": "79.00", "created": null, "active": true}}, {"model": "api.service", "pk": 12, "fields": {"name": "Decorative Ceiling Fan Installation", "icon": "Service Images/default-service.jpg", "subcategory": 7, "description": null, "price": "419.00", "created": null, "active": true}}, {"model": "api.service", "pk": 13, "fields": {"name": "Normal Fan Installation", "icon": "Service Images/default-service.jpg", "subcategory": 7, "description": null, "price": "119.00", "created": null, "active": true}}, {"model": "api.service", "pk": 14, "fields": {"name": "Fan Repair", "icon": "Service Images/default-service.jpg", "subcategory": 7, "description": null, "price": "169.00", "created": null, "active": true}}, {"model": "api.service", "pk": 15, "fields": {"name": "Fan Replacement", "icon": "Service Images/default-service.jpg", "subcategory": 7, "description": null, "price": "189.00", "created": null, "active": true}}, {"model": "api.service", "pk": 16, "fields": {"name": "Fan Unistallation", "icon": "Service Images/default-service.jpg", "subcategory": 7, "description": null, "price": "99.00", "created": null, "active": true}}, {"model": "api.service", "pk": 17, "fields": {"name": "Bulbs Replacement (5 nos)", "icon": "Service Images/default-service.jpg", "subcategory": 8, "description": null, "price": "119.00", "created": null, "active": true}}, {"model": "api.service", "pk": 18, "fields": {"name": "Bulb Holder Installation", "icon": "Service Images/default-service.jpg", "subcategory": 8, "description": null, "price": "99.00", "created": null, "active": true}}, {"model": "api.service", "pk": 19, "fields": {"name": "Decorative Wall Light/ Ceiling Light", "icon": "Service Images/default-service.jpg", "subcategory": 8, "description": null, "price": "149.00", "created": null, "active": true}}, {"model": "api.service", "pk": 20, "fields": {"name": "Tube Light or Bed Light", "icon": "Service Images/default-service.jpg", "subcategory": 8, "description": null, "price": "99.00", "created": null, "active": true}}, {"model": "api.service", "pk": 21, "fields": {"name": "Replace CFL to LED", "icon": "Service Images/default-service.jpg", "subcategory": 8, "description": null, "price": "149.00", "created": null, "active": true}}, {"model": "api.service", "pk": 22, "fields": {"name": "Chandelier Installation", "icon": "Service Images/default-service.jpg", "subcategory": 9, "description": null, "price": "419.00", "created": null, "active": true}}, {"model": "api.service", "pk": 23, "fields": {"name": "Chandelier Installation (more than 6 Bulbs)", "icon": "Service Images/default-service.jpg", "subcategory": 9, "description": null, "price": "899.00", "created": null, "active": true}}, {"model": "api.service", "pk": 24, "fields": {"name": "3 Phase Changeover switch Installation", "icon": "Service Images/default-service.jpg", "subcategory": 10, "description": null, "price": "319.00", "created": null, "active": true}}, {"model": "api.service", "pk": 25, "fields": {"name": "Fuse Replacement", "icon": "Service Images/default-service.jpg", "subcategory": 10, "description": null, "price": "99.00", "created": null, "active": true}}, {"model": "api.service", "pk": 26, "fields": {"name": "Single Pole MCB Installation", "icon": "Service Images/default-service.jpg", "subcategory": 10, "description": null, "price": "109.00", "created": null, "active": true}}, {"model": "api.service", "pk": 27, "fields": {"name": "Sub Meter Installation", "icon": "Service Images/default-service.jpg", "subcategory": 10, "description": null, "price": "269.00", "created": null, "active": true}}, {"model": "api.service", "pk": 28, "fields": {"name": "Single Battery Inverter Installation", "icon": "Service Images/default-service.jpg", "subcategory": 11, "description": null, "price": "419.00", "created": null, "active": true}}, {"model": "api.service", "pk": 29, "fields": {"name": "Double Battery Inverter Installation", "icon": "Service Images/default-service.jpg", "subcategory": 11, "description": null, "price": "499.00", "created": null, "active": true}}, {"model": "api.service", "pk": 30, "fields": {"name": "Inverter Fuse Repair", "icon": "Service Images/default-service.jpg", "subcategory": 11, "description": null, "price": "119.00", "created": null, "active": true}}, {"model": "api.service", "pk": 39, "fields": {"name": "Inverter Servicing", "icon": "Service Images/default-service.jpg", "subcategory": 11, "description": null, "price": "219.00", "created": null, "active": true}}, {"model": "api.service", "pk": 40, "fields": {"name": "Stablizer Installation or Repair", "icon": "Service Images/default-service.jpg", "subcategory": 11, "description": null, "price": "169.00", "created": null, "active": true}}, {"model": "api.service", "pk": 41, "fields": {"name": "Geyser Installation", "icon": "Service Images/default-service.jpg", "subcategory": 12, "description": null, "price": "419.00", "created": null, "active": true}}, {"model": "api.service", "pk": 42, "fields": {"name": "Geyser Unistallation", "icon": "Service Images/default-service.jpg", "subcategory": 12, "description": null, "price": "369.00", "created": null, "active": true}}, {"model": "api.service", "pk": 43, "fields": {"name": "TV Installation (Upto 48 Inches)", "icon": "Service Images/default-service.jpg", "subcategory": 12, "description": null, "price": "419.00", "created": null, "active": true}}, {"model": "api.service", "pk": 44, "fields": {"name": "TV Installation (Above 48 Inches)", "icon": "Service Images/default-service.jpg", "subcategory": 12, "description": null, "price": "499.00", "created": null, "active": true}}, {"model": "api.service", "pk": 45, "fields": {"name": "TV Unistallation", "icon": "Service Images/default-service.jpg", "subcategory": 12, "description": null, "price": "169.00", "created": null, "active": true}}, {"model": "api.service", "pk": 46, "fields": {"name": "Home Theater Installation", "icon": "Service Images/default-service.jpg", "subcategory": 12, "description": null, "price": "269.00", "created": null, "active": true}}, {"model": "api.service", "pk": 47, "fields": {"name": "Stablizer Installation or Repair", "icon": "Service Images/default-service.jpg", "subcategory": 12, "description": null, "price": "169.00", "created": null, "active": true}}, {"model": "api.service", "pk": 48, "fields": {"name": "Internal Wiring (Per 5M)", "icon": "Service Images/default-service.jpg", "subcategory": 13, "description": null, "price": "199.00", "created": null, "active": true}}, {"model": "api.service", "pk": 49, "fields": {"name": "Casing Wiring (Per 5M)", "icon": "Service Images/default-service.jpg", "subcategory": 13, "description": null, "price": "219.00", "created": null, "active": true}}, {"model": "api.service", "pk": 50, "fields": {"name": "Wiring without Casing (Per 5M)", "icon": "Service Images/default-service.jpg", "subcategory": 13, "description": null, "price": "99.00", "created": null, "active": true}}, {"model": "api.service", "pk": 51, "fields": {"name": "Door Bell Installation", "icon": "Service Images/default-service.jpg", "subcategory": 14, "description": null, "price": "69.00", "created": null, "active": true}}, {"model": "api.service", "pk": 52, "fields": {"name": "Door Bell Repair", "icon": "Service Images/default-service.jpg", "subcategory": 14, "description": null, "price": "69.00", "created": null, "active": true}}, {"model": "api.service", "pk": 53, "fields": {"name": "Door Bell Repair", "icon": "Service Images/default-service.jpg", "subcategory": 14, "description": null, "price": "69.00", "created": null, "active": true}}, {"model": "api.service", "pk": 54, "fields": {"name": "Drill Hole & Hang (Pack of 2)", "icon": "Service Images/default-service.jpg", "subcategory": 15, "description": null, "price": "69.00", "created": null, "active": true}}, {"model": "api.service", "pk": 55, "fields": {"name": "Room Heater Repair", "icon": "Service Images/default-service.jpg", "subcategory": 16, "description": "", "price": "269.00", "created": null, "active": true}}, {"model": "api.service", "pk": 57, "fields": {"name": "Swift Survey", "icon": "Service Images/default-service.jpg", "subcategory": 18, "description": "", "price": "50.00", "created": null, "active": true}}, {"model": "api.service", "pk": 58, "fields": {"name": "Sofa Cleaning Services", "icon": "Service Images/default-service.jpg", "subcategory": 41, "description": "", "price": "200.00", "created": null, "active": true}}, {"model": "api.service", "pk": 59, "fields": {"name": "Swift Survey", "icon": "Service Images/default-service.jpg", "subcategory": 19, "description": "", "price": "50.00", "created": null, "active": true}}, {"model": "api.service", "pk": 60, "fields": {"name": "Waste Pipe", "icon": "Service Images/default-service.jpg", "subcategory": 20, "description": "", "price": "119.00", "created": null, "active": true}}, {"model": "api.service", "pk": 61, "fields": {"name": "Washbasin Repair", "icon": "Service Images/default-service.jpg", "subcategory": 20, "description": "", "price": "169.00", "created": null, "active": true}}, {"model": "api.service", "pk": 62, "fields": {"name": "Wash basin installation", "icon": "Service Images/default-service.jpg", "subcategory": 20, "description": "", "price": "419.00", "created": null, "active": true}}, {"model": "api.service", "pk": 63, "fields": {"name": "Bath Fitting Installation", "icon": "Service Images/default-service.jpg", "subcategory": 21, "description": "", "price": "99.00", "created": null, "active": true}}, {"model": "api.service", "pk": 64, "fields": {"name": "Shower Installation-Ceiling Mounted", "icon": "Service Images/default-service.jpg", "subcategory": 21, "description": "", "price": "169.00", "created": null, "active": true}}, {"model": "api.service", "pk": 65, "fields": {"name": "Shower Installation Wall Mounted or Handheld", "icon": "Service Images/default-service.jpg", "subcategory": 21, "description": "", "price": "139.00", "created": null, "active": true}}, {"model": "api.service", "pk": 66, "fields": {"name": "Balcony Pipe", "icon": "Service Images/default-service.jpg", "subcategory": 22, "description": "", "price": "269.00", "created": null, "active": true}}, {"model": "api.service", "pk": 67, "fields": {"name": "Drainage pipe (Overground)", "icon": "Service Images/default-service.jpg", "subcategory": 22, "description": "", "price": "169.00", "created": null, "active": true}}, {"model": "api.service", "pk": 68, "fields": {"name": "Drainage pipe (Underground)", "icon": "Service Images/default-service.jpg", "subcategory": 22, "description": "", "price": "369.00", "created": null, "active": true}}, {"model": "api.service", "pk": 69, "fields": {"name": "Toilet Pot", "icon": "Service Images/default-service.jpg", "subcategory": 22, "description": "", "price": "1299.00", "created": null, "active": true}}, {"model": "api.service", "pk": 70, "fields": {"name": "Hot And Cold Water Mixer Installation", "icon": "Service Images/default-service.jpg", "subcategory": 23, "description": "", "price": "419.00", "created": null, "active": true}}, {"model": "api.service", "pk": 71, "fields": {"name": "Hot And Cold Water Mixer Repair", "icon": "Service Images/default-service.jpg", "subcategory": 23, "description": "", "price": "269.00", "created": null, "active": true}}, {"model": "api.service", "pk": 72, "fields": {"name": "Tap Installation", "icon": "Service Images/default-service.jpg", "subcategory": 23, "description": "", "price": "79.00", "created": null, "active": true}}, {"model": "api.service", "pk": 73, "fields": {"name": "Tap Repair", "icon": "Service Images/default-service.jpg", "subcategory": 23, "description": "", "price": "79.00", "created": null, "active": true}}, {"model": "api.service", "pk": 74, "fields": {"name": "Tap Replacement", "icon": "Service Images/default-service.jpg", "subcategory": 23, "description": "", "price": "99.00", "created": null, "active": true}}, {"model": "api.service", "pk": 75, "fields": {"name": "Water Saving Nozzle", "icon": "Service Images/default-service.jpg", "subcategory": 23, "description": "", "price": "119.00", "created": null, "active": true}}, {"model": "api.service", "pk": 76, "fields": {"name": "Motor Installation", "icon": "Service Images/default-service.jpg", "subcategory": 24, "description": "", "price": "419.00", "created": null, "active": true}}, {"model": "api.service", "pk": 77, "fields": {"name": "Motor Air Cavity Removal", "icon": "Service Images/default-service.jpg", "subcategory": 24, "description": "", "price": "119.00", "created": null, "active": true}}, {"model": "api.service", "pk": 78, "fields": {"name": "Motor Replacement", "icon": "Service Images/default-service.jpg", "subcategory": 24, "description": "", "price": "499.00", "created": null, "active": true}}, {"model": "api.service", "pk": 79, "fields": {"name": "Connection Hose", "icon": "Service Images/default-service.jpg", "subcategory": 27, "description": "", "price": "119.00", "created": null, "active": true}}, {"model": "api.service", "pk": 80, "fields": {"name": "Drain Cover", "icon": "Service Images/default-service.jpg", "subcategory": 27, "description": "", "price": "119.00", "created": null, "active": true}}, {"model": "api.service", "pk": 81, "fields": {"name": "Washing Machine Inlet", "icon": "Service Images/default-service.jpg", "subcategory": 27, "description": "", "price": "159.00", "created": null, "active": true}}, {"model": "api.service", "pk": 82, "fields": {"name": "Flush Tank Repair (Concealed)", "icon": "Service Images/default-service.jpg", "subcategory": 26, "description": "", "price": "269.00", "created": null, "active": true}}, {"model": "api.service", "pk": 83, "fields": {"name": "Flush Tank Repair (External)", "icon": "Service Images/default-service.jpg", "subcategory": 26, "description": "", "price": "139.00", "created": null, "active": true}}, {"model": "api.service", "pk": 84, "fields": {"name": "Flush Tank Replacement", "icon": "Service Images/default-service.jpg", "subcategory": 26, "description": "", "price": "499.00", "created": null, "active": true}}, {"model": "api.service", "pk": 85, "fields": {"name": "Indian Toiler Installation", "icon": "Service Images/default-service.jpg", "subcategory": 26, "description": "", "price": "1699.00", "created": null, "active": true}}, {"model": "api.service", "pk": 86, "fields": {"name": "Toilet Seat Cover Replacement", "icon": "Service Images/default-service.jpg", "subcategory": 26, "description": "", "price": "119.00", "created": null, "active": true}}, {"model": "api.service", "pk": 87, "fields": {"name": "Water Jet Spray", "icon": "Service Images/default-service.jpg", "subcategory": 26, "description": "", "price": "119.00", "created": null, "active": true}}, {"model": "api.service", "pk": 88, "fields": {"name": "Western Toilet Installation (Floor Mounted)", "icon": "Service Images/default-service.jpg", "subcategory": 26, "description": "", "price": "1499.00", "created": null, "active": true}}, {"model": "api.service", "pk": 89, "fields": {"name": "Western Toilet Repair (Floor Mounted)", "icon": "Service Images/default-service.jpg", "subcategory": 26, "description": "", "price": "699.00", "created": null, "active": true}}, {"model": "api.service", "pk": 90, "fields": {"name": "Western Toilet Replacement (Floor Mounted)", "icon": "Service Images/default-service.jpg", "subcategory": 26, "description": "", "price": "1699.00", "created": null, "active": true}}, {"model": "api.service", "pk": 91, "fields": {"name": "Western Toilet Installation (Wall Mounted)", "icon": "Service Images/default-service.jpg", "subcategory": 26, "description": null, "price": "1799.00", "created": null, "active": true}}, {"model": "api.service", "pk": 92, "fields": {"name": "Western Toilet Replacement (Wall Mounted)", "icon": "Service Images/default-service.jpg", "subcategory": 26, "description": "", "price": "1899.00", "created": null, "active": true}}, {"model": "api.service", "pk": 93, "fields": {"name": "Ceramic Flush Tank Repair", "icon": "Service Images/default-service.jpg", "subcategory": 26, "description": "", "price": "269.00", "created": null, "active": true}}, {"model": "api.service", "pk": 94, "fields": {"name": "Overhead Tank Installation (Upto 500L)", "icon": "Service Images/default-service.jpg", "subcategory": 25, "description": "", "price": "599.00", "created": null, "active": true}}, {"model": "api.service", "pk": 95, "fields": {"name": "Overhead Tank Installation (500L-2000L)", "icon": "Service Images/default-service.jpg", "subcategory": 25, "description": "", "price": "1199.00", "created": null, "active": true}}, {"model": "api.service", "pk": 96, "fields": {"name": "Overhead Tank Overflow", "icon": "Service Images/default-service.jpg", "subcategory": 25, "description": "", "price": "169.00", "created": null, "active": true}}, {"model": "api.service", "pk": 97, "fields": {"name": "Overhead Tank Leakage", "icon": "Service Images/default-service.jpg", "subcategory": 25, "description": "", "price": "269.00", "created": null, "active": true}}, {"model": "api.service", "pk": 98, "fields": {"name": "Overhead Tank Cleaning(Upto 1000L)", "icon": "Service Images/default-service.jpg", "subcategory": 25, "description": "", "price": "799.00", "created": null, "active": true}}, {"model": "api.service", "pk": 99, "fields": {"name": "Overhead Tank Cleaning (1001L to 2000L)", "icon": "Service Images/default-service.jpg", "subcategory": 25, "description": "", "price": "1199.00", "created": null, "active": true}}, {"model": "api.service", "pk": 100, "fields": {"name": "Underground Tank Cleaning (1000L-1500L)", "icon": "Service Images/default-service.jpg", "subcategory": 25, "description": "", "price": "1299.00", "created": null, "active": true}}, {"model": "api.service", "pk": 101, "fields": {"name": "Underground Tank Cleaning (1500L-3000L)", "icon": "Service Images/default-service.jpg", "subcategory": 25, "description": "", "price": "1699.00", "created": null, "active": true}}, {"model": "api.service", "pk": 102, "fields": {"name": "Water Meter Installation(Over the Ground)", "icon": "Service Images/default-service.jpg", "subcategory": 25, "description": "", "price": "369.00", "created": null, "active": true}}, {"model": "api.service", "pk": 103, "fields": {"name": "Quick Book", "icon": "Service Images/default-service.jpg", "subcategory": 28, "description": "Express Checkout in one-click  \r\nPay as per rate card", "price": "50.00", "created": null, "active": true}}, {"model": "api.service", "pk": 104, "fields": {"name": "Cloth Ceiling Hanger Installation", "icon": "Service Images/default-service.jpg", "subcategory": 29, "description": "Including Roof Drilling", "price": "499.00", "created": null, "active": true}}, {"model": "api.service", "pk": 105, "fields": {"name": "Cloth Wall Hanger Installation", "icon": "Service Images/default-service.jpg", "subcategory": 29, "description": "Does not include roof driling", "price": "199.00", "created": null, "active": true}}, {"model": "api.service", "pk": 106, "fields": {"name": "Bed Support Repair", "icon": "Service Images/default-service.jpg", "subcategory": 30, "description": "", "price": "419.00", "created": null, "active": true}}, {"model": "api.service", "pk": 107, "fields": {"name": "Bed Headboard / leg Repair", "icon": "Service Images/default-service.jpg", "subcategory": 30, "description": "Includes repair of either single headboard or leg", "price": "199.00", "created": null, "active": true}}, {"model": "api.service", "pk": 108, "fields": {"name": "Cupboard Hinge (2 nos.)", "icon": "Service Images/default-service.jpg", "subcategory": 31, "description": "Installation or Repair", "price": "169.00", "created": null, "active": true}}, {"model": "api.service", "pk": 109, "fields": {"name": "Channel Repair", "icon": "Service Images/default-service.jpg", "subcategory": 31, "description": "", "price": "149.00", "created": null, "active": true}}, {"model": "api.service", "pk": 110, "fields": {"name": "Channel Replacement", "icon": "Service Images/default-service.jpg", "subcategory": 31, "description": "", "price": "199.00", "created": null, "active": true}}, {"model": "api.service", "pk": 111, "fields": {"name": "Handle Replacement", "icon": "Service Images/default-service.jpg", "subcategory": 31, "description": "", "price": "79.00", "created": null, "active": true}}, {"model": "api.service", "pk": 112, "fields": {"name": "Lock Replacement", "icon": "Service Images/default-service.jpg", "subcategory": 31, "description": "", "price": "119.00", "created": null, "active": true}}, {"model": "api.service", "pk": 113, "fields": {"name": "Lock Installation", "icon": "Service Images/default-service.jpg", "subcategory": 31, "description": "", "price": "419.00", "created": null, "active": true}}, {"model": "api.service", "pk": 114, "fields": {"name": "Lock Repair", "icon": "Service Images/default-service.jpg", "subcategory": 31, "description": "", "price": "189.00", "created": null, "active": true}}, {"model": "api.service", "pk": 115, "fields": {"name": "Sliding Door Repair", "icon": "Service Images/default-service.jpg", "subcategory": 31, "description": "", "price": "369.00", "created": null, "active": true}}, {"model": "api.service", "pk": 116, "fields": {"name": "Glass Shelf Installation", "icon": "Service Images/default-service.jpg", "subcategory": 31, "description": "Glass Shelf Installation using Clamps", "price": "139.00", "created": null, "active": true}}, {"model": "api.service", "pk": 117, "fields": {"name": "Wooden Shelf Installation", "icon": "Service Images/default-service.jpg", "subcategory": 31, "description": "Wooden Shelf Installation using Clamps", "price": "249.00", "created": null, "active": true}}, {"model": "api.service", "pk": 118, "fields": {"name": "Accessory Installation", "icon": "Service Images/default-service.jpg", "subcategory": 32, "description": "Any one of Latch, Chain, Stopper, Magnet  \r\nCharge for Single Accessory  \r\nAdditional charges for multiple accessory installation", "price": "99.00", "created": null, "active": true}}, {"model": "api.service", "pk": 119, "fields": {"name": "Aldrop and Door Peephole Installation", "icon": "Service Images/default-service.jpg", "subcategory": 32, "description": "", "price": "119.00", "created": null, "active": true}}, {"model": "api.service", "pk": 120, "fields": {"name": "Door Installation", "icon": "Service Images/default-service.jpg", "subcategory": 32, "description": "For Wooden Doors Only  \r\nIncludes hinge installation, aldrop installation and wood chiseling  \r\nmain door installation Rs 1099", "price": "699.00", "created": null, "active": true}}, {"model": "api.service", "pk": 121, "fields": {"name": "Door Repair", "icon": "Service Images/default-service.jpg", "subcategory": 32, "description": "Wood Scraping  \r\nDoor Alignment and minor fixes  \r\nExcludes main door  \r\nExcludes hinge replacement, door dismantle and any other lock repair", "price": "169.00", "created": null, "active": true}}, {"model": "api.service", "pk": 122, "fields": {"name": "Hinge Installation", "icon": "Service Images/default-service.jpg", "subcategory": 32, "description": "Extra Rs. 100 if door is Dismantle\r\nApplicable for one door set", "price": "219.00", "created": null, "active": true}}, {"model": "api.service", "pk": 123, "fields": {"name": "Hinge Installation (including door dismantling)", "icon": "Service Images/default-service.jpg", "subcategory": 32, "description": "", "price": "319.00", "created": null, "active": true}}, {"model": "api.service", "pk": 124, "fields": {"name": "Door Lock Installation", "icon": "Service Images/default-service.jpg", "subcategory": 32, "description": "Includes Creating cavity and installing lock", "price": "499.00", "created": null, "active": true}}, {"model": "api.service", "pk": 125, "fields": {"name": "Door Lock Replacement", "icon": "Service Images/default-service.jpg", "subcategory": 32, "description": "Replacing Existing lock with new one", "price": "419.00", "created": null, "active": true}}, {"model": "api.service", "pk": 126, "fields": {"name": "Door Lock Repair", "icon": "Service Images/default-service.jpg", "subcategory": 32, "description": "", "price": "219.00", "created": null, "active": true}}, {"model": "api.service", "pk": 127, "fields": {"name": "Mesh Grill Door Installation", "icon": "Service Images/default-service.jpg", "subcategory": 32, "description": "Excludes Metallic/ aluminium door\r\nExcludes Replacement of Mesh/jaali", "price": "419.00", "created": null, "active": true}}, {"model": "api.service", "pk": 128, "fields": {"name": "Mesh Grill Door (Mesh Replacement)", "icon": "Service Images/default-service.jpg", "subcategory": 32, "description": "Excludes Metallic/ aliminium doors", "price": "269.00", "created": null, "active": true}}, {"model": "api.service", "pk": 129, "fields": {"name": "Overhead door closer installation", "icon": "Service Images/default-service.jpg", "subcategory": 32, "description": "", "price": "269.00", "created": null, "active": true}}, {"model": "api.service", "pk": 130, "fields": {"name": "Surface Mounted Door Closer Installation", "icon": "Service Images/default-service.jpg", "subcategory": 32, "description": "", "price": "449.00", "created": null, "active": true}}, {"model": "api.service", "pk": 131, "fields": {"name": "Sliding Door Repair", "icon": "Service Images/default-service.jpg", "subcategory": 32, "description": "", "price": "369.00", "created": null, "active": true}}, {"model": "api.service", "pk": 132, "fields": {"name": "Bath Fitting Installation", "icon": "Service Images/default-service.jpg", "subcategory": 33, "description": "Includes installation of any one Towel hanger, Soap holder, Toilet paper holder", "price": "79.00", "created": null, "active": true}}, {"model": "api.service", "pk": 133, "fields": {"name": "Drill and Hang", "icon": "Service Images/default-service.jpg", "subcategory": 33, "description": "Drilling 2 nails  \r\nIncludes hanging any one of painting, clock or photoframe  \r\nNot applicable for objects exceeding 5kg and 6ft area", "price": "69.00", "created": null, "active": true}}, {"model": "api.service", "pk": 134, "fields": {"name": "Minor Installation", "icon": "Service Images/default-service.jpg", "subcategory": 33, "description": "", "price": "119.00", "created": null, "active": true}}, {"model": "api.service", "pk": 135, "fields": {"name": "Glass Shelf Installation", "icon": "Service Images/default-service.jpg", "subcategory": 33, "description": "Glass shelf installation using clamps", "price": "139.00", "created": null, "active": true}}, {"model": "api.service", "pk": 136, "fields": {"name": "Wooden Shelf Installation", "icon": "Service Images/default-service.jpg", "subcategory": 33, "description": "Wooden shelf installation using clamps", "price": "249.00", "created": null, "active": true}}, {"model": "api.service", "pk": 137, "fields": {"name": "Bed Assembly", "icon": "Service Images/default-service.jpg", "subcategory": 36, "description": "Bunk bed assembly as Rs. 449  \r\nHydraulic Storage bed assembly at Rs. 549  \r\nStorage Bed asembly at Rs. 419", "price": "369.00", "created": null, "active": true}}, {"model": "api.service", "pk": 138, "fields": {"name": "Coffee Table Assembly", "icon": "Service Images/default-service.jpg", "subcategory": 36, "description": "Modular furniture only", "price": "269.00", "created": null, "active": true}}, {"model": "api.service", "pk": 139, "fields": {"name": "Study Table Assembly", "icon": "Service Images/default-service.jpg", "subcategory": 36, "description": "Modular Furniture Only", "price": "369.00", "created": null, "active": true}}, {"model": "api.service", "pk": 140, "fields": {"name": "Dining Table Assembly", "icon": "Service Images/default-service.jpg", "subcategory": 36, "description": "Excludes chair assembly", "price": "369.00", "created": null, "active": true}}, {"model": "api.service", "pk": 141, "fields": {"name": "Dining Chair Assembly (nos. 1)", "icon": "Service Images/default-service.jpg", "subcategory": 36, "description": "", "price": "169.00", "created": null, "active": true}}, {"model": "api.service", "pk": 142, "fields": {"name": "Shoe Rack / Book Shelf Assembly", "icon": "Service Images/default-service.jpg", "subcategory": 36, "description": "Modular Furniture Only", "price": "319.00", "created": null, "active": true}}, {"model": "api.service", "pk": 143, "fields": {"name": "Shelving Unit / Cabinet Assembly (2 Doors)", "icon": "Service Images/default-service.jpg", "subcategory": 36, "description": "2 Doors up to 4 shelves and drawers", "price": "419.00", "created": null, "active": true}}, {"model": "api.service", "pk": 144, "fields": {"name": "Shelving Unit / Cabinet Assembly (3 Doors)", "icon": "Service Images/default-service.jpg", "subcategory": 36, "description": "3 Doors up to 4 shelves and drawers", "price": "499.00", "created": null, "active": true}}, {"model": "api.service", "pk": 145, "fields": {"name": "Utensils Rack Assembly", "icon": "Service Images/default-service.jpg", "subcategory": 36, "description": "", "price": "269.00", "created": null, "active": true}}, {"model": "api.service", "pk": 146, "fields": {"name": "Bed Dismantle", "icon": "Service Images/default-service.jpg", "subcategory": 36, "description": "Bunk Bed Dismantle at Rs. 419\r\nHydraulic Bed Dismantle at Rs 369", "price": "399.00", "created": null, "active": true}}, {"model": "api.service", "pk": 147, "fields": {"name": "Furniture Dismantle", "icon": "Service Images/default-service.jpg", "subcategory": 36, "description": "Study Table, Shoe Rack, Dining Table", "price": "399.00", "created": null, "active": true}}, {"model": "api.service", "pk": 148, "fields": {"name": "Furniture Leg Cap Installation", "icon": "Service Images/default-service.jpg", "subcategory": 35, "description": "Installation includes of leg caps for up to four leg", "price": "119.00", "created": null, "active": true}}, {"model": "api.service", "pk": 149, "fields": {"name": "Table / Chair Wheels Fitting", "icon": "Service Images/default-service.jpg", "subcategory": 35, "description": "Includes Fitting of up to 4 wheels.", "price": "119.00", "created": null, "active": true}}, {"model": "api.service", "pk": 150, "fields": {"name": "Measurement for Curtain Blinds", "icon": "Service Images/default-service.jpg", "subcategory": 34, "description": "Measurement up to 10 Curtain Blinds", "price": "119.00", "created": null, "active": true}}, {"model": "api.service", "pk": 151, "fields": {"name": "Curtain Rod Installation (up to 2 brackets)", "icon": "Service Images/default-service.jpg", "subcategory": 34, "description": "Extra Charges For Additional Brackets at Rs. 70 per additional Bracket", "price": "169.00", "created": null, "active": true}}, {"model": "api.service", "pk": 152, "fields": {"name": "Shower Curtain Rod Installation", "icon": "Service Images/default-service.jpg", "subcategory": 34, "description": "Extra charges for additional brackets at Rs. 70 per additional Bracket", "price": "199.00", "created": null, "active": true}}, {"model": "api.service", "pk": 153, "fields": {"name": "Motorized Blinds Fitting", "icon": "Service Images/default-service.jpg", "subcategory": 34, "description": "", "price": "309.00", "created": null, "active": true}}, {"model": "api.service", "pk": 154, "fields": {"name": "Non Motorized Blinds Fittings", "icon": "Service Images/default-service.jpg", "subcategory": 34, "description": "", "price": "189.00", "created": null, "active": true}}, {"model": "api.service", "pk": 155, "fields": {"name": "Window AC Frame", "icon": "Service Images/default-service.jpg", "subcategory": 34, "description": "", "price": "319.00", "created": null, "active": true}}, {"model": "api.service", "pk": 156, "fields": {"name": "Window Closing (Post Ac Removal)", "icon": "Service Images/default-service.jpg", "subcategory": 34, "description": "Wooden Panel installation on Window", "price": "169.00", "created": null, "active": true}}, {"model": "api.service", "pk": 157, "fields": {"name": "Window Hinge Installation (4 Nos)", "icon": "Service Images/default-service.jpg", "subcategory": 34, "description": "Hinge assembly in one window set", "price": "199.00", "created": null, "active": true}}, {"model": "api.couponcode", "pk": 1, "fields": {"code": "FIRST_ORDER", "discount": 20, "valid_from": "2021-02-26T19:21:08Z", "valid_to": "2023-02-26T19:21:14Z", "active": true, "category": [], "users": []}}, {"model": "api.couponcode", "pk": 2, "fields": {"code": "ELECTRO_15", "discount": 15, "valid_from": "2021-02-26T19:21:52Z", "valid_to": "2023-02-26T19:21:54Z", "active": true, "category": [1], "users": []}}, {"model": "api.couponcode", "pk": 3, "fields": {"code": "WOODWORK_15", "discount": 15, "valid_from": "2021-02-26T19:23:07Z", "valid_to": "2023-02-26T19:23:08Z", "active": true, "category": [2], "users": []}}, {"model": "api.couponcode", "pk": 4, "fields": {"code": "NEWYEAR21", "discount": 20, "valid_from": "2021-02-26T19:24:18Z", "valid_to": "2023-02-26T19:24:19Z", "active": true, "category": [], "users": []}}, {"model": "api.couponcode", "pk": 5, "fields": {"code": "CLEAN_20", "discount": 20, "valid_from": "2021-02-26T19:24:53Z", "valid_to": "2023-02-26T19:24:55Z", "active": true, "category": [3], "users": []}}, {"model": "api.couponcode", "pk": 6, "fields": {"code": "PAINTER", "discount": 15, "valid_from": "2021-02-26T19:26:40Z", "valid_to": "2023-02-26T19:26:42Z", "active": true, "category": [4], "users": []}}, {"model": "api.couponcode", "pk": 7, "fields": {"code": "ABOVE_5000", "discount": 10, "valid_from": "2021-02-26T19:27:16Z", "valid_to": "2023-02-26T19:27:17Z", "active": true, "category": [], "users": []}}, {"model": "api.couponcode", "pk": 8, "fields": {"code": "ABOVE_10000", "discount": 12, "valid_from": "2021-02-26T19:27:36Z", "valid_to": "2023-02-26T19:27:37Z", "active": true, "category": [], "users": []}}]